<?xml version="1.0" encoding="UTF-8" standalone="yes"?>
<addon id="plugin.video.vstream" name="vStream" version="0.6.1" provider-name="Venom,TmpName,Johngf">
    <requires>
        <import addon="xbmc.python" version="2.24.0"/>
        <import addon="plugin.video.youtube" version="2.9.2"/>
        <import addon="script.module.simplejson" version="2.0.10"/>
        <import addon="script.module.urlresolver" optional="true"/>
        <import addon="repository.vstream" version="0.0.3"/>
    </requires>
    <extension point="xbmc.python.pluginsource" library="default.py">
        <provides>video</provides>
    </extension>
    <extension point="xbmc.addon.metadata">
        <summary lang="fr">vStream</summary>
        <description lang="fr">vStream est un module de streaming français, trouvez tous vos films, séries et mangas.[CR][CR]Contributeur: Razorex, Kodigoal, Chataigne73, Arias800</description>
        <summary lang="en">vStream</summary>
        <description lang="en">vStream module and a french streaming, find all your movies, TV shows and mangas.[CR][CR]Contributeur: Razorex, Kodigoal, Chataigne73, Arias800</description>
        <platform>all</platform>
    </extension>
</addon>
